RI,Na,Mg,Al,Si,K,Ca,Ba,Fe,Type
1.52101,13.64,4.49,1.1,71.78,0.06,8.75,0,0,1
1.51761,13.89,3.6,1.36,72.73,0.48,7.83,0,0,1
1.51618,13.53,3.55,1.54,72.99,0.39,7.78,0,0,1
1.51766,13.21,3.69,1.29,72.61,0.57,8.22,0,0,1
1.51742,13.27,3.62,1.24,73.08,0.55,8.07,0,0,1
1.51596,12.79,3.61,1.62,72.97,0.64,8.07,0,0.26,1
1.51743,13.3,3.6,1.14,73.09,0.58,8.17,0,0,1
1.51756,13.15,3.61,1.05,73.24,0.57,8.24,0,0,1
1.51918,14.04,3.58,1.37,72.08,0.56,8.3,0,0,1
1.51755,13,3.6,1.36,72.99,0.57,8.4,0,0.11,1
1.51571,12.72,3.46,1.56,73.2,0.67,8.09,0,0.24,1
1.51763,12.8,3.66,1.27,73.01,0.6,8.56,0,0,1
1.51589,12.88,3.43,1.4,73.28,0.69,8.05,0,0.24,1
1.51748,12.86,3.56,1.27,73.21,0.54,8.38,0,0.17,1
1.51763,12.61,3.59,1.31,73.29,0.58,8.5,0,0,1
1.51761,12.81,3.54,1.23,73.24,0.58,8.39,0,0,1
1.51784,12.68,3.67,1.16,73.11,0.61,8.7,0,0,1
1.52196,14.36,3.85,0.89,71.36,0.15,9.15,0,0,1
1.51911,13.9,3.73,1.18,72.12,0.06,8.89,0,0,1
1.51735,13.02,3.54,1.69,72.73,0.54,8.44,0,0.07,1
1.5175,12.82,3.55,1.49,72.75,0.54,8.52,0,0.19,1
1.51966,14.77,3.75,0.29,72.02,0.03,9,0,0,1
1.51736,12.78,3.62,1.29,72.79,0.59,8.7,0,0,1
1.51751,12.81,3.57,1.35,73.02,0.62,8.59,0,0,1
1.5172,13.38,3.5,1.15,72.85,0.5,8.43,0,0,1
1.51764,12.98,3.54,1.21,73,0.65,8.53,0,0,1
1.51793,13.21,3.48,1.41,72.64,0.59,8.43,0,0,1
1.51721,12.87,3.48,1.33,73.04,0.56,8.43,0,0,1
1.51768,12.56,3.52,1.43,73.15,0.57,8.54,0,0,1
1.51784,13.08,3.49,1.28,72.86,0.6,8.49,0,0,1
1.51768,12.65,3.56,1.3,73.08,0.61,8.69,0,0.14,1
1.51747,12.84,3.5,1.14,73.27,0.56,8.55,0,0,1
1.51775,12.85,3.48,1.23,72.97,0.61,8.56,0.09,0.22,1
1.51753,12.57,3.47,1.38,73.39,0.6,8.55,0,0.06,1
1.51783,12.69,3.54,1.34,72.95,0.57,8.75,0,0,1
1.51567,13.29,3.45,1.21,72.74,0.56,8.57,0,0,1
1.51909,13.89,3.53,1.32,71.81,0.51,8.78,0.11,0,1
1.51797,12.74,3.48,1.35,72.96,0.64,8.68,0,0,1
1.52213,14.21,3.82,0.47,71.77,0.11,9.57,0,0,1
1.52213,14.21,3.82,0.47,71.77,0.11,9.57,0,0,1
1.51793,12.79,3.5,1.12,73.03,0.64,8.77,0,0,1
1.51755,12.71,3.42,1.2,73.2,0.59,8.64,0,0,1
1.51779,13.21,3.39,1.33,72.76,0.59,8.59,0,0,1
1.5221,13.73,3.84,0.72,71.76,0.17,9.74,0,0,1
1.51786,12.73,3.43,1.19,72.95,0.62,8.76,0,0.3,1
1.519,13.49,3.48,1.35,71.95,0.55,9,0,0,1
1.51869,13.19,3.37,1.18,72.72,0.57,8.83,0,0.16,1
1.52667,13.99,3.7,0.71,71.57,0.02,9.82,0,0.1,1
1.52223,13.21,3.77,0.79,71.99,0.13,10.02,0,0,1
1.51898,13.58,3.35,1.23,72.08,0.59,8.91,0,0,1
1.5232,13.72,3.72,0.51,71.75,0.09,10.06,0,0.16,1
1.51926,13.2,3.33,1.28,72.36,0.6,9.14,0,0.11,1
1.51808,13.43,2.87,1.19,72.84,0.55,9.03,0,0,1
1.51837,13.14,2.84,1.28,72.85,0.55,9.07,0,0,1
1.51778,13.21,2.81,1.29,72.98,0.51,9.02,0,0.09,1
1.51769,12.45,2.71,1.29,73.7,0.56,9.06,0,0.24,1
1.51215,12.99,3.47,1.12,72.98,0.62,8.35,0,0.31,1
1.51824,12.87,3.48,1.29,72.95,0.6,8.43,0,0,1
1.51754,13.48,3.74,1.17,72.99,0.59,8.03,0,0,1
1.51754,13.39,3.66,1.19,72.79,0.57,8.27,0,0.11,1
1.51905,13.6,3.62,1.11,72.64,0.14,8.76,0,0,1
1.51977,13.81,3.58,1.32,71.72,0.12,8.67,0.69,0,1
1.52172,13.51,3.86,0.88,71.79,0.23,9.54,0,0.11,1
1.52227,14.17,3.81,0.78,71.35,0,9.69,0,0,1
1.52172,13.48,3.74,0.9,72.01,0.18,9.61,0,0.07,1
1.52099,13.69,3.59,1.12,71.96,0.09,9.4,0,0,1
1.52152,13.05,3.65,0.87,72.22,0.19,9.85,0,0.17,1
1.52152,13.05,3.65,0.87,72.32,0.19,9.85,0,0.17,1
1.52152,13.12,3.58,0.9,72.2,0.23,9.82,0,0.16,1
1.523,13.31,3.58,0.82,71.99,0.12,10.17,0,0.03,1
1.51574,14.86,3.67,1.74,71.87,0.16,7.36,0,0.12,2
1.51848,13.64,3.87,1.27,71.96,0.54,8.32,0,0.32,2
1.51593,13.09,3.59,1.52,73.1,0.67,7.83,0,0,2
1.51631,13.34,3.57,1.57,72.87,0.61,7.89,0,0,2
1.51596,13.02,3.56,1.54,73.11,0.72,7.9,0,0,2
1.5159,13.02,3.58,1.51,73.12,0.69,7.96,0,0,2
1.51645,13.44,3.61,1.54,72.39,0.66,8.03,0,0,2
1.51627,13,3.58,1.54,72.83,0.61,8.04,0,0,2
1.51613,13.92,3.52,1.25,72.88,0.37,7.94,0,0.14,2
1.5159,12.82,3.52,1.9,72.86,0.69,7.97,0,0,2
1.51592,12.86,3.52,2.12,72.66,0.69,7.97,0,0,2
1.51593,13.25,3.45,1.43,73.17,0.61,7.86,0,0,2
1.51646,13.41,3.55,1.25,72.81,0.68,8.1,0,0,2
1.51594,13.09,3.52,1.55,72.87,0.68,8.05,0,0.09,2
1.51409,14.25,3.09,2.08,72.28,1.1,7.08,0,0,2
1.51625,13.36,3.58,1.49,72.72,0.45,8.21,0,0,2
1.51569,13.24,3.49,1.47,73.25,0.38,8.03,0,0,2
1.51645,13.4,3.49,1.52,72.65,0.67,8.08,0,0.1,2
1.51618,13.01,3.5,1.48,72.89,0.6,8.12,0,0,2
1.5164,12.55,3.48,1.87,73.23,0.63,8.08,0,0.09,2
1.51841,12.93,3.74,1.11,72.28,0.64,8.96,0,0.22,2
1.51605,12.9,3.44,1.45,73.06,0.44,8.27,0,0,2
1.51588,13.12,3.41,1.58,73.26,0.07,8.39,0,0.19,2
1.5159,13.24,3.34,1.47,73.1,0.39,8.22,0,0,2
1.51629,12.71,3.33,1.49,73.28,0.67,8.24,0,0,2
1.5186,13.36,3.43,1.43,72.26,0.51,8.6,0,0,2
1.51841,13.02,3.62,1.06,72.34,0.64,9.13,0,0.15,2
1.51743,12.2,3.25,1.16,73.55,0.62,8.9,0,0.24,2
1.51689,12.67,2.88,1.71,73.21,0.73,8.54,0,0,2
1.51811,12.96,2.96,1.43,72.92,0.6,8.79,0.14,0,2
1.51655,12.75,2.85,1.44,73.27,0.57,8.79,0.11,0.22,2
1.5173,12.35,2.72,1.63,72.87,0.7,9.23,0,0,2
1.5182,12.62,2.76,0.83,73.81,0.35,9.42,0,0.2,2
1.52725,13.8,3.15,0.66,70.57,0.08,11.64,0,0,2
1.5241,13.83,2.9,1.17,71.15,0.08,10.79,0,0,2
1.52475,11.45,0,1.88,72.19,0.81,13.24,0,0.34,2
1.53125,10.73,0,2.1,69.81,0.58,13.3,3.15,0.28,2
1.53393,12.3,0,1,70.16,0.12,16.19,0,0.24,2
1.52222,14.43,0,1,72.67,0.1,11.52,0,0.08,2
1.51818,13.72,0,0.56,74.45,0,10.99,0,0,2
1.52664,11.23,0,0.77,73.21,0,14.68,0,0,2
1.52739,11.02,0,0.75,73.08,0,14.96,0,0,2
1.52777,12.64,0,0.67,72.02,0.06,14.4,0,0,2
1.51892,13.46,3.83,1.26,72.55,0.57,8.21,0,0.14,2
1.51847,13.1,3.97,1.19,72.44,0.6,8.43,0,0,2
1.51846,13.41,3.89,1.33,72.38,0.51,8.28,0,0,2
1.51829,13.24,3.9,1.41,72.33,0.55,8.31,0,0.1,2
1.51708,13.72,3.68,1.81,72.06,0.64,7.88,0,0,2
1.51673,13.3,3.64,1.53,72.53,0.65,8.03,0,0.29,2
1.51652,13.56,3.57,1.47,72.45,0.64,7.96,0,0,2
1.51844,13.25,3.76,1.32,72.4,0.58,8.42,0,0,2
1.51663,12.93,3.54,1.62,72.96,0.64,8.03,0,0.21,2
1.51687,13.23,3.54,1.48,72.84,0.56,8.1,0,0,2
1.51707,13.48,3.48,1.71,72.52,0.62,7.99,0,0,2
1.52177,13.2,3.68,1.15,72.75,0.54,8.52,0,0,2
1.51872,12.93,3.66,1.56,72.51,0.58,8.55,0,0.12,2
1.51667,12.94,3.61,1.26,72.75,0.56,8.6,0,0,2
1.52081,13.78,2.28,1.43,71.99,0.49,9.85,0,0.17,2
1.52068,13.55,2.09,1.67,72.18,0.53,9.57,0.27,0.17,2
1.5202,13.98,1.35,1.63,71.76,0.39,10.56,0,0.18,2
1.52177,13.75,1.01,1.36,72.19,0.33,11.14,0,0,2
1.52614,13.7,0,1.36,71.24,0.19,13.44,0,0.1,2
1.51813,13.43,3.98,1.18,72.49,0.58,8.15,0,0,2
1.518,13.71,3.93,1.54,71.81,0.54,8.21,0,0.15,2
1.51811,13.33,3.85,1.25,72.78,0.52,8.12,0,0,2
1.51789,13.19,3.9,1.3,72.33,0.55,8.44,0,0.28,2
1.51806,13,3.8,1.08,73.07,0.56,8.38,0,0.12,2
1.51711,12.89,3.62,1.57,72.96,0.61,8.11,0,0,2
1.51674,12.79,3.52,1.54,73.36,0.66,7.9,0,0,2
1.51674,12.87,3.56,1.64,73.14,0.65,7.99,0,0,2
1.5169,13.33,3.54,1.61,72.54,0.68,8.11,0,0,2
1.51851,13.2,3.63,1.07,72.83,0.57,8.41,0.09,0.17,2
1.51662,12.85,3.51,1.44,73.01,0.68,8.23,0.06,0.25,2
1.51709,13,3.47,1.79,72.72,0.66,8.18,0,0,2
1.5166,12.99,3.18,1.23,72.97,0.58,8.81,0,0.24,2
1.51839,12.85,3.67,1.24,72.57,0.62,8.68,0,0.35,2
1.51769,13.65,3.66,1.11,72.77,0.11,8.6,0,0,3
1.5161,13.33,3.53,1.34,72.67,0.56,8.33,0,0,3
1.5167,13.24,3.57,1.38,72.7,0.56,8.44,0,0.1,3
1.51643,12.16,3.52,1.35,72.89,0.57,8.53,0,0,3
1.51665,13.14,3.45,1.76,72.48,0.6,8.38,0,0.17,3
1.52127,14.32,3.9,0.83,71.5,0,9.49,0,0,3
1.51779,13.64,3.65,0.65,73,0.06,8.93,0,0,3
1.5161,13.42,3.4,1.22,72.69,0.59,8.32,0,0,3
1.51694,12.86,3.58,1.31,72.61,0.61,8.79,0,0,3
1.51646,13.04,3.4,1.26,73.01,0.52,8.58,0,0,3
1.51655,13.41,3.39,1.28,72.64,0.52,8.65,0,0,3
1.52121,14.03,3.76,0.58,71.79,0.11,9.65,0,0,3
1.51776,13.53,3.41,1.52,72.04,0.58,8.79,0,0,3
1.51796,13.5,3.36,1.63,71.94,0.57,8.81,0,0.09,3
1.51832,13.33,3.34,1.54,72.14,0.56,8.99,0,0,3
1.51934,13.64,3.54,0.75,72.65,0.16,8.89,0.15,0.24,3
1.52211,14.19,3.78,0.91,71.36,0.23,9.14,0,0.37,3
1.51514,14.01,2.68,3.5,69.89,1.68,5.87,2.2,0,5
1.51915,12.73,1.85,1.86,72.69,0.6,10.09,0,0,5
1.52171,11.56,1.88,1.56,72.86,0.47,11.41,0,0,5
1.52151,11.03,1.71,1.56,73.44,0.58,11.62,0,0,5
1.51969,12.64,0,1.65,73.75,0.38,11.53,0,0,5
1.51666,12.86,0,1.83,73.88,0.97,10.17,0,0,5
1.51994,13.27,0,1.76,73.03,0.47,11.32,0,0,5
1.52369,13.44,0,1.58,72.22,0.32,12.24,0,0,5
1.51316,13.02,0,3.04,70.48,6.21,6.96,0,0,5
1.51321,13,0,3.02,70.7,6.21,6.93,0,0,5
1.52043,13.38,0,1.4,72.25,0.33,12.5,0,0,5
1.52058,12.85,1.61,2.17,72.18,0.76,9.7,0.24,0.51,5
1.52119,12.97,0.33,1.51,73.39,0.13,11.27,0,0.28,5
1.51905,14,2.39,1.56,72.37,0,9.57,0,0,6
1.51937,13.79,2.41,1.19,72.76,0,9.77,0,0,6
1.51829,14.46,2.24,1.62,72.38,0,9.26,0,0,6
1.51852,14.09,2.19,1.66,72.67,0,9.32,0,0,6
1.51299,14.4,1.74,1.54,74.55,0,7.59,0,0,6
1.51888,14.99,0.78,1.74,72.5,0,9.95,0,0,6
1.51916,14.15,0,2.09,72.74,0,10.88,0,0,6
1.51969,14.56,0,0.56,73.48,0,11.22,0,0,6
1.51115,17.38,0,0.34,75.41,0,6.65,0,0,6
1.51131,13.69,3.2,1.81,72.81,1.76,5.43,1.19,0,7
1.51838,14.32,3.26,2.22,71.25,1.46,5.79,1.63,0,7
1.52315,13.44,3.34,1.23,72.38,0.6,8.83,0,0,7
1.52247,14.86,2.2,2.06,70.26,0.76,9.76,0,0,7
1.52365,15.79,1.83,1.31,70.43,0.31,8.61,1.68,0,7
1.51613,13.88,1.78,1.79,73.1,0,8.67,0.76,0,7
1.51602,14.85,0,2.38,73.28,0,8.76,0.64,0.09,7
1.51623,14.2,0,2.79,73.46,0.04,9.04,0.4,0.09,7
1.51719,14.75,0,2,73.02,0,8.53,1.59,0.08,7
1.51683,14.56,0,1.98,73.29,0,8.52,1.57,0.07,7
1.51545,14.14,0,2.68,73.39,0.08,9.07,0.61,0.05,7
1.51556,13.87,0,2.54,73.23,0.14,9.41,0.81,0.01,7
1.51727,14.7,0,2.34,73.28,0,8.95,0.66,0,7
1.51531,14.38,0,2.66,73.1,0.04,9.08,0.64,0,7
1.51609,15.01,0,2.51,73.05,0.05,8.83,0.53,0,7
1.51508,15.15,0,2.25,73.5,0,8.34,0.63,0,7
1.51653,11.95,0,1.19,75.18,2.7,8.93,0,0,7
1.51514,14.85,0,2.42,73.72,0,8.39,0.56,0,7
1.51658,14.8,0,1.99,73.11,0,8.28,1.71,0,7
1.51617,14.95,0,2.27,73.3,0,8.71,0.67,0,7
1.51732,14.95,0,1.8,72.99,0,8.61,1.55,0,7
1.51645,14.94,0,1.87,73.11,0,8.67,1.38,0,7
1.51831,14.39,0,1.82,72.86,1.41,6.47,2.88,0,7
1.5164,14.37,0,2.74,72.85,0,9.45,0.54,0,7
1.51623,14.14,0,2.88,72.61,0.08,9.18,1.06,0,7
1.51685,14.92,0,1.99,73.06,0,8.4,1.59,0,7
1.52065,14.36,0,2.02,73.42,0,8.44,1.64,0,7
1.51651,14.38,0,1.94,73.61,0,8.48,1.57,0,7
1.51711,14.23,0,2.08,73.36,0,8.62,1.67,0,7
1.518587329,13.08192906,3.786876264,1.258153881,72.64058311,0.133930879,8.766060358,-0.041624548,-0.062261557,3
1.517076117,13.61111764,3.430474389,1.416421614,72.63552378,0.322004015,8.478722553,0.081654774,-0.068484198,3
1.516983608,13.52911559,3.705397535,1.243139959,72.70756234,0.351779063,8.803523477,0.080980681,0.116802476,3
1.516524527,13.6269525,3.7899528,1.287183435,72.68416689,0.497446622,9.002788509,0.001028407,-0.102903552,3
1.517579428,13.75639782,3.652092596,1.169293188,72.02179407,0.653825418,8.759382979,0.002087495,-0.008339335,3
1.519622658,13.71734382,3.589291837,1.039385949,71.96734808,0.326096665,8.86953781,-0.032608149,0.03368874,3
1.515172346,13.90059709,3.478786589,1.401311422,72.73296801,0.395327256,9.001473089,0.053519681,0.243847514,3
1.519223319,13.63379426,3.663836797,1.330472529,72.54411396,0.559712826,8.172447816,-0.043688422,0.24685894,3
1.514980457,14.35543593,3.655576579,1.427084829,72.75455049,0.646080031,8.56561583,-0.014898364,0.069487713,3
1.519158611,13.63234451,3.380256033,1.366413755,72.92512366,0.076981905,8.719581402,0.035510183,0.134850369,3
1.522151404,13.2734468,3.593548228,1.064015336,72.26229103,0.243261628,8.951976702,0.038362398,0.076001497,3
1.518710067,13.57892724,3.474059377,0.725893094,73.09624614,0.600597229,8.934188913,-0.000756556,0.064338947,3
1.516522259,13.69617483,3.613580354,1.110789151,72.92502862,0.467831788,8.385165011,0.040300562,-0.059376485,3
1.5180664,13.66843604,3.740313522,1.286354373,73.16387985,0.126966216,9.383178769,-0.047323399,0.071899553,3
1.516699356,13.2610752,3.416523094,1.662768073,71.64537958,0.530890327,9.307270532,-0.005394396,0.108145121,3
1.515055657,13.67393564,3.613744983,0.781431763,71.95478255,0.388937814,9.160867218,0.012640974,0.13707078,3
1.516365261,13.92538204,3.63816277,1.353947041,72.05100883,0.45239125,8.395884521,-0.005800901,0.000272496,3
1.516293981,12.95163138,3.487730103,1.3119318,72.14597642,0.56901345,8.881496779,0.026271264,0.08882891,3
1.521232633,13.23971097,3.493458428,1.883350883,73.26462055,0.602181938,8.677461389,0.028560282,-0.071945229,3
1.515559484,12.5453817,3.507406719,1.165063367,72.01588053,0.207349968,8.250037976,0.055925469,-0.145540522,3
1.515981823,13.21163127,3.465668097,1.574045412,72.18274958,-0.068606979,9.043314687,-0.045906538,0.102971815,3
1.513712224,13.75234529,3.73342608,0.814295274,72.75454928,0.515815667,8.769209306,0.043747871,0.020826054,3
1.517964793,13.42795857,3.509077869,1.642814501,71.88170266,0.058503295,8.809965049,0.001472239,0.016735065,3
1.5189209,14.32492042,3.634931056,1.229003709,70.74813159,0.597758954,8.622716807,-0.018519365,-0.00955734,3
1.52138097,13.47721435,3.424338478,1.543868204,72.31768849,0.38375669,8.690365444,0.041513239,0.108849691,3
1.518019616,13.37029949,3.560036528,0.942922251,72.22271158,0.917726409,8.703378461,0.02639472,0.126183079,3
1.516742968,13.76780786,3.586480564,1.619281941,72.66161687,0.563769732,8.470296014,-0.00658025,0.053149005,3
1.517802841,13.36847036,3.460086872,1.41695714,73.08319933,0.447162584,8.909860757,-0.051711458,-0.098194367,3
1.517899445,13.05017286,3.486946582,1.188004895,72.81980028,0.396664337,9.006425852,0.060948089,0.057582301,3
1.517026107,13.81908301,3.47716828,1.163338523,72.90356494,0.474461065,8.176058187,-0.009430493,0.131389553,3
1.51957187,12.92690215,3.489649129,0.898994037,71.61749113,0.644302572,8.576337864,0.026626006,0.15340661,3
1.517204369,14.18391861,3.388404886,0.959918057,71.95717324,0.545909198,9.230454793,-0.011872569,0.062910114,3
1.523407672,13.56698783,3.634556913,0.700359641,71.72837501,0.015522645,8.740923084,0.012965936,0.138353545,3
1.516025809,12.98560894,3.496106777,1.34912491,72.34594949,0.027340582,8.984745622,0.002766251,-0.074602389,3
1.519362948,13.65646982,3.613770585,1.571515471,72.52392045,0.069883781,8.746893754,0.033429353,-0.033611499,3
1.518116856,12.67467801,3.472387223,1.457399761,72.84415898,0.207999921,8.676423083,0.047895709,0.048917194,3
1.518551723,13.02675704,3.450026909,1.338484891,72.15894362,0.483234613,8.299443334,-0.011506509,0.277576109,3
1.516968669,13.02764621,3.792464789,1.476384218,72.78710207,0.535375578,8.839303185,0.025858883,0.089223526,3
1.520874709,14.05388213,3.641211686,1.441924641,72.36980124,0.418830469,8.817151743,0.010163029,-0.129178098,3
1.521451458,13.40863229,3.328242791,1.211511618,72.46481729,0.548490812,8.716264522,-0.049767884,-0.072593549,3
1.515135137,13.03320708,3.658977224,1.646643338,71.84641446,0.999124914,8.899920883,0.031570321,0.079407924,3
1.521248578,13.14352691,3.626353229,1.01666211,71.74115707,0.282236623,9.490621018,0.01265879,0.047804362,3
1.517060448,13.32255111,3.824513316,1.656665175,73.55029274,1.355318729,8.617399482,0.028804189,-0.02233042,3
1.518048542,14.22138847,3.517081054,1.595483531,72.41458174,0.147111615,8.506008246,-0.037668698,0.073581534,3
1.515776298,13.24892351,3.284276441,1.201981026,71.89344807,0.842141415,8.982075393,0.013880519,-0.002028603,3
1.520514822,13.27216158,3.818992424,0.131931937,72.9255601,0.020482423,8.069929254,0.042296371,0.093133727,3
1.515363031,14.10849719,3.349485879,1.39110645,72.47656955,0.177564459,9.513163615,-0.024184622,-0.088137255,3
1.520671225,13.11855474,3.644722551,1.889664749,72.64567886,0.595458844,8.65046944,0.075374967,0.020971124,3
1.519396626,13.11980183,3.597878056,0.935304515,72.42698081,0.607674113,8.925391834,0.009453424,0.197381444,3
1.518850966,14.08507179,3.459693759,0.924110566,72.25573827,0.639736945,9.06998165,-0.023450044,0.019313066,3
1.519451731,13.23004887,3.632277425,1.126557217,71.67661963,0.323631359,9.107391321,0.045663652,0.089884678,3
1.522863812,13.12302273,3.465272389,1.335228229,72.08690438,0.227657595,8.949726806,0.030938472,-0.236893518,3
1.520107701,12.92561813,3.543031371,1.039034884,72.5986977,0.295446647,8.835210332,-0.005708169,0.022205455,3
1.52184926,12.47031882,0.615241705,3.047766279,70.49754987,-0.242003126,14.22410965,-0.839917923,-0.216261141,5
1.520377389,11.26714331,0.100430427,1.805243655,73.66792814,2.980781386,11.49593078,0.520959512,0.026558837,5
1.512954787,12.66267599,1.676011666,2.315951401,72.29660739,2.305596427,9.180984689,-0.625790456,0.3398163,5
1.52254154,12.20217832,1.841981443,2.962154746,73.936363,-1.786117328,8.283243553,0.141010511,0.032588402,5
1.516645612,12.39632347,1.391989607,3.026008332,72.334992,0.900371786,12.44918827,0.98097254,0.006946224,5
1.52427424,12.3527826,3.114792618,1.052635205,72.45275541,0.632756657,9.657821897,-0.736514097,0.255040031,5
1.522735329,12.92574663,0.539559833,1.123526491,74.64952376,-1.010067405,10.66006803,1.093940742,-0.037720748,5
1.518472313,13.12805153,0.437058249,1.263932966,74.13692282,1.430426465,11.86053984,-0.3886502,-0.296604216,5
1.520579043,11.87310605,1.213856346,1.457771225,74.08863839,1.429129872,7.221889531,0.779561798,0.09063348,5
1.515269951,13.03472343,0.102226906,1.600510528,71.23595138,5.767652458,11.73048165,0.012201202,0.266584017,5
1.524438095,12.61255912,2.152802443,1.7945727,71.84444277,1.683986399,8.582111592,0.024880379,-0.151797691,5
1.518999086,13.86071541,2.325174155,1.223128538,70.79203841,1.586416338,14.30585682,-0.076047263,0.112060398,5
1.520180833,13.30599946,2.402966136,2.359534848,71.94211892,0.722823816,11.68556323,-0.159211851,0.192047983,5
1.518082698,12.13492188,1.27780524,2.367314195,71.02513382,0.955730829,9.846415018,0.839009803,0.121380453,5
1.516355793,13.22723116,0.879677273,2.779240376,70.96851741,2.313141286,11.69073237,1.020740024,-0.036194189,5
1.519112742,12.75128186,1.066033175,1.1067238,73.43519386,4.424431717,9.807625872,0.231947637,-0.201726989,5
1.518896047,13.26107283,1.020518216,1.784949248,71.44069944,-1.129706879,13.34925236,-0.485613679,-0.213915032,5
1.521616029,12.40529879,2.246697873,2.411579743,72.15461201,4.353848736,13.21095573,-0.424243293,0.017975602,5
1.518904218,12.40265451,1.472810467,2.145227668,72.21266343,2.873870845,10.15149471,0.175441577,0.11167207,5
1.52171066,12.68045097,2.364536017,2.948798513,71.99159793,4.535407743,12.16619035,1.221654244,-0.186830716,5
1.522369188,12.12215415,-0.149442501,1.164031255,73.43916411,0.517591256,12.09592835,-0.365405292,0.049844351,5
1.525212976,12.46418526,1.878430681,1.170398707,70.61963911,2.692309948,8.619678505,0.003853109,0.181286246,5
1.514391779,12.67275656,0.737827654,2.322930467,71.62004697,3.813601182,12.4491414,-0.018800524,-0.09498627,5
1.51433823,13.2736856,0.99461223,1.373015372,72.95057522,2.208852885,11.35795852,-0.378959542,0.270775381,5
1.515668748,11.46029395,1.052809533,2.670102504,71.61683887,-1.128014276,8.367164067,-0.514186313,0.031889532,5
1.515778317,13.31345642,0.388154184,2.770546754,73.90494275,-0.838534493,8.324177211,-0.008995725,0.186993904,5
1.51355409,11.64134663,1.159972982,2.984340482,75.02354659,-0.748177793,8.094585564,0.022445634,0.083859713,5
1.523837123,13.89331683,0.152881885,1.486179504,71.18968106,0.670755002,5.709792658,0.680455323,0.105429448,5
1.518121359,12.52878102,1.734830038,2.040982443,73.49497219,-2.554536882,10.0719406,1.367420691,0.171657215,5
1.515782283,13.19470448,0.938335587,3.042373957,72.09135582,1.699239124,10.53897956,0.612353061,0.34314156,5
1.515645584,12.84359525,1.942932053,2.339768566,71.98013766,0.401015921,14.82807603,0.547932986,0.002494597,5
1.517798225,11.47400427,0.238788042,2.053704953,72.06858331,4.089173615,6.660102802,-0.550738169,0.00537839,5
1.518315858,11.91473538,-0.632238777,3.083311098,73.35119293,0.28936227,11.8858566,0.06315843,0.014090263,5
1.522942806,13.00913671,1.529464007,2.52068621,74.22906667,0.584293176,9.721988431,0.75420154,-0.094403862,5
1.520238597,14.02357788,-0.121374785,1.443221591,70.60572874,-0.092481947,12.23181165,0.207269606,0.223453555,5
1.516903093,13.013105,2.267957233,1.432433857,71.50459134,0.270552573,12.06872896,0.729762712,0.117923286,5
1.517658637,13.11822448,0.622032573,2.134213914,70.389951,5.029107009,8.953366071,0.582854296,-0.021823974,5
1.52330895,13.04108024,-2.326063601,0.81850415,72.33560865,-2.538906159,10.15927174,0.287949405,-0.073196699,5
1.517485486,14.18877557,1.681506805,1.77981701,71.71975906,2.151997063,14.60483351,1.156612894,0.102776583,5
1.517527277,13.50373609,0.994271528,2.306264218,73.97564543,2.801130095,10.93411064,-0.218474069,0.051174692,5
1.516454121,13.06356732,-0.190530487,2.096089589,73.77511767,1.762852103,6.53442536,1.139067649,0.343448381,5
1.51575074,13.30463807,-0.785469537,2.048616792,71.95021436,3.964210155,4.428171632,-0.953510588,-0.018643941,5
1.51860027,13.47828902,0.531729263,2.200847358,70.64848184,-0.179085052,9.094318763,-0.623377858,0.17276864,5
1.516629184,13.15146244,-0.248522621,2.19376757,74.96551452,-0.332219572,9.519936316,-0.554798829,-0.221422483,5
1.514238822,12.65222764,0.522733456,1.611912243,73.36731104,1.741821058,11.86560712,0.026964087,0.150021708,5
1.518309781,12.23709833,-1.350087298,1.777535923,72.70888083,-0.908181665,7.341708227,-0.599625795,0.046312281,5
1.525936905,14.14811666,1.139147016,1.91417095,72.71004838,-0.743717116,10.31912417,-1.236061506,0.139958244,5
1.516428892,13.03471703,0.275610045,1.588380353,74.24736593,-2.005332716,6.155835782,0.056799839,-0.049432784,5
1.512563383,12.37522878,0.747960274,1.300027477,71.51738699,-1.473545417,13.53973424,-0.002899089,0.171380931,5
1.522013416,12.32058122,0.397438656,1.3695669,70.63864966,2.610762277,10.7574735,-0.706189661,0.069611343,5
1.514309034,13.01176895,0.251604436,2.395662973,73.4565941,-1.31927264,11.35856056,0.428521673,-0.101878619,5
1.523795435,12.21982616,2.890679701,1.405734939,71.9164568,-2.000995488,9.202748874,-0.039454232,-0.083810933,5
1.51992808,12.20791337,1.321631947,1.587527757,71.67169642,4.833448533,9.534599681,-0.381218873,0.038833225,5
1.516187186,13.38310832,2.372556006,1.933658303,72.12415941,0.793560616,8.570871536,-1.33228061,0.179824555,5
1.523114401,13.26120467,-0.379976824,3.391764994,72.99530227,4.23455621,9.757653522,0.371621926,0.205528996,5
1.521497407,12.38511535,1.808237955,2.525503822,71.85330671,1.169427601,11.76192646,0.562689038,0.084395033,5
1.514296485,13.18889817,0.842489877,1.977191135,71.11952841,0.84702934,5.52746579,0.657879863,0.247083165,5
1.514497353,13.09939245,0.820451951,0.582999076,76.24117241,2.39E-05,7.734120876,5.23E-05,6.05E-05,6
1.521798192,14.48541882,0.315268581,0.193784896,71.36043318,3.96E-05,8.819299536,5.31E-05,5.48E-05,6
1.521075682,13.30924199,1.787951146,1.263076366,73.24192785,1.02E-05,6.64752667,4.86E-05,4.63E-05,6
1.522311282,13.655838,1.847315362,1.877178329,73.95640876,1.98E-05,8.350811685,5.17E-05,4.90E-05,6
1.517403036,13.84934287,0.538287843,1.833200432,73.26154492,3.62E-05,6.864658594,6.39E-05,4.29E-05,6
1.515014347,15.54163709,3.338848271,0.675920359,72.51954733,1.04E-05,9.050428271,6.31E-05,5.27E-05,6
1.517213784,14.29418253,2.171239137,2.02438599,71.90401831,1.67E-05,9.156313468,5.70E-05,5.78E-05,6
1.513967903,13.44003681,2.124912587,1.464034708,74.23417535,1.26E-05,7.913206655,6.68E-05,4.98E-05,6
1.520162545,15.60856204,0.66968716,0.41825707,73.06305707,1.49E-05,8.314544719,4.00E-05,5.53E-05,6
1.516016884,14.30842194,0.809364828,0.4718069,72.11529154,2.23E-05,9.293839253,6.14E-05,5.28E-05,6
1.514477195,14.225224,1.095589481,0.62612309,74.70334097,4.41E-06,10.7418583,6.16E-05,4.76E-05,6
1.515051503,15.77902356,1.849517517,1.566330095,72.07039895,4.63E-05,7.626231696,5.06E-05,4.95E-05,6
1.516474193,16.57538969,0.620066624,0.927368066,73.33487027,1.88E-05,13.62827711,3.89E-05,4.59E-05,6
1.514747398,13.20764329,2.055299177,1.89903464,71.69796673,3.17E-05,10.18022303,5.36E-05,5.34E-05,6
1.517467948,15.21431652,2.141767331,2.063587415,73.7683217,1.55E-05,8.265222947,6.07E-05,6.66E-05,6
1.523507205,16.29080789,2.862357279,2.620164821,75.03644667,2.49E-05,9.652582619,6.54E-05,4.78E-05,6
1.517147502,14.05601279,1.63532807,0.728382265,72.14092373,2.30E-05,9.285315576,5.88E-05,6.70E-05,6
1.515141516,15.22103541,2.492721638,1.08576339,73.74122225,1.55E-05,9.176998202,4.45E-05,5.41E-05,6
1.515747203,14.54831387,2.328054282,1.131531051,70.678429,3.11E-05,9.753436284,5.43E-05,5.90E-05,6
1.521180707,15.62673655,-0.079458344,1.165146707,74.6773595,1.55E-05,11.45973129,3.78E-05,4.21E-05,6
1.519963413,16.01514553,0.573814554,1.377255471,72.71800724,2.21E-05,8.589349702,5.14E-05,3.39E-05,6
1.515679917,14.65555819,0.530231204,1.640477621,74.44977413,2.03E-05,9.316454631,5.90E-05,6.24E-05,6
1.512924994,14.16289615,1.095522798,0.339036916,74.33367878,3.14E-05,7.327149021,6.24E-05,2.80E-05,6
1.517875971,15.59194319,0.71627336,0.96396578,71.20155216,9.18E-06,10.50337687,4.96E-05,5.40E-05,6
1.517270699,14.19020627,2.763264743,0.16297741,72.14975676,3.22E-05,9.022230451,4.64E-05,4.18E-05,6
1.516583547,17.19031211,2.698898855,1.550795009,72.09709659,1.84E-05,10.81185019,5.28E-05,4.67E-05,6
1.518874476,14.03585019,1.962859488,0.727587197,73.62006623,2.59E-05,10.09348239,3.69E-05,4.54E-05,6
1.516372883,14.05612911,3.341755165,1.520324537,72.1960953,1.74E-05,8.282859422,3.26E-05,4.33E-05,6
1.520531293,15.48282887,3.392745709,2.120707186,72.90758737,1.21E-05,8.533270397,5.07E-05,4.92E-05,6
1.51858519,14.02467463,1.029120424,1.659919721,73.07045558,1.58E-05,7.991159188,6.30E-05,5.68E-05,6
1.520211728,13.8066675,0.920916141,1.390078334,72.30301337,1.04E-05,9.49578443,3.75E-05,4.25E-05,6
1.521682146,16.07638015,1.15846617,1.844586254,72.80528686,2.96E-05,7.784736094,5.41E-05,5.72E-05,6
1.519223411,15.41449116,0.358788349,1.503913798,71.87540607,2.98E-05,6.551844312,5.47E-05,6.12E-05,6
1.517728006,15.44752828,0.009161364,1.557817818,73.89325894,1.48E-05,9.911333603,5.95E-05,5.92E-05,6
1.519492119,14.735038,1.847143791,1.405963018,73.17234445,2.02E-05,8.737204722,5.42E-05,5.45E-05,6
1.520501884,14.24657049,2.795896361,0.80267262,73.46139757,1.02E-05,9.204145392,6.79E-05,5.23E-05,6
1.514248485,14.42399472,1.305613387,1.604670155,73.92844501,1.59E-05,11.1471529,3.99E-05,5.11E-05,6
1.519021669,15.04475079,0.390645829,1.382992702,75.68785958,1.80E-05,9.628651243,6.16E-05,4.22E-05,6
1.516112248,15.08882359,3.699406454,1.5992919,71.83931539,1.54E-05,9.64705093,5.09E-05,5.59E-05,6
1.520581127,15.09453261,1.670471617,2.397631226,73.12585322,1.73E-05,11.8528228,4.05E-05,5.30E-05,6
1.515521688,14.48917711,1.243421105,2.015970162,74.23188912,1.62E-05,8.350958365,5.50E-05,3.01E-05,6
1.519918622,16.72861842,1.253945041,1.200003005,71.18134338,1.34E-05,8.010613089,5.52E-05,4.95E-05,6
1.510350599,15.51591204,3.234633107,0.918611971,72.92402647,1.36E-05,9.338701503,4.07E-05,5.57E-05,6
1.52284252,15.17692251,1.305590676,1.170065252,72.20848345,2.70E-05,8.248871213,6.40E-05,3.19E-05,6
1.512424556,15.43901848,-0.011565704,2.219262968,72.78387336,3.82E-05,9.74253656,3.78E-05,4.85E-05,6
1.518303739,14.49062831,2.438131784,1.255324061,72.10676047,2.70E-05,10.02346723,4.68E-05,5.79E-05,6
1.513887846,12.50214273,0.393948913,1.966700078,71.56564099,2.69E-05,7.573528046,6.07E-05,4.50E-05,6
1.5144994,15.12193432,1.220833724,0.937687583,72.77589633,2.58E-05,10.96270866,4.75E-05,6.58E-05,6
1.513045947,13.94408806,0.195213231,1.492786549,72.82894505,2.50E-05,9.636854315,4.53E-05,4.93E-05,6
1.516002868,15.43228416,2.143391217,1.836165284,71.2368223,8.64E-06,9.699016268,3.11E-05,5.40E-05,6
1.513909068,15.67626738,2.929462003,2.169831391,71.55062789,6.65E-06,6.762388363,5.44E-05,3.86E-05,6
1.513801999,14.17837694,-0.829674045,1.892881465,74.41254029,3.13E-05,9.271310182,4.87E-05,5.05E-05,6
1.521204943,13.75468882,0.397051679,1.224816495,73.26458606,1.75E-05,9.491589693,4.15E-05,5.74E-05,6
1.515935312,15.37779579,4.556833575,0.747891381,72.60608886,3.31E-05,8.874623889,3.87E-05,5.15E-05,6
1.511629083,13.41740216,0.297358729,2.608464452,71.86649024,2.40E-05,9.226849756,3.35E-05,4.90E-05,6
1.517828465,14.12827061,2.408723352,2.5663396,72.35978309,1.85E-05,8.13394809,3.72E-05,2.33E-05,6
1.514823,13.47931481,2.511488702,1.081163287,71.65044243,2.10E-05,8.696361925,4.01E-05,5.60E-05,6
1.519371285,16.52649262,0.066329122,1.197323047,74.74482551,2.07E-05,10.03434305,4.48E-05,4.33E-05,6
1.517964562,13.45197956,1.47625985,1.85573059,73.30135754,2.05E-05,7.805616404,3.93E-05,4.28E-05,6
1.512465149,17.0469269,3.096970887,1.007745573,73.63019614,3.39E-05,9.196996638,4.77E-05,2.61E-05,6
1.521456501,15.72927987,0.689567356,1.052973563,74.18532974,2.40E-05,6.930200802,2.50E-05,3.30E-05,6
1.517552253,14.82620502,0.741016777,1.319795783,73.97567044,0.426115591,7.85087184,1.071981342,0.009669695,7
1.518830283,14.57863813,1.517764567,1.765199196,73.77004395,0.505837613,6.210481033,0.837082285,0.040675965,7
1.514011696,14.03344718,-0.705150989,2.101590277,72.15082839,0.151576284,9.875173772,0.445461361,-0.050665542,7
1.522759617,15.00222679,1.405610682,1.871909999,72.13924018,0.473782957,7.778801143,1.509776613,0.058774704,7
1.515304175,14.45100017,-0.08832767,2.465289483,72.43452726,1.271450757,8.389548377,0.193587405,-0.018674188,7
1.516628507,14.10392271,-0.526042709,2.504296732,74.72098231,0.091620654,7.85086645,0.601866442,-0.002424999,7
1.517859461,14.84282528,-0.820005517,1.995312487,73.27471728,1.356958024,8.901392841,0.659955264,-0.021390952,7
1.515519952,14.76194238,-1.771963586,1.50478745,73.1597302,-0.49502455,7.358741311,0.791461405,0.040419675,7
1.522905915,13.09257243,0.207196488,2.477102285,72.23031294,0.566421755,8.52065073,-0.061334697,0.016488606,7
1.516846777,14.99857237,0.074532159,2.137926012,73.08799449,0.295037293,7.219067018,1.881987938,-0.013110936,7
1.512650633,14.81433931,-0.284560024,2.216149296,73.97540254,0.380207008,7.80105735,1.389257578,-0.016779762,7
1.520358182,14.61757042,-0.957277717,2.839790109,73.61140455,0.155168731,8.778751358,1.206923213,0.021305623,7
1.519755341,14.68160924,-0.13486821,2.837050424,73.24608999,0.512719216,9.672123107,0.762675131,0.020378534,7
1.520413808,15.18265666,2.416944787,2.715051275,73.61677222,-0.478631526,9.045354333,1.547678998,0.054559761,7
1.516605592,14.596154,2.494449217,2.188102402,73.46074487,0.115033325,8.838920878,2.103374731,0.002358262,7
1.520464979,15.00471583,0.933383507,2.510490341,72.66170903,0.041845894,7.519253878,1.465998415,0.013582338,7
1.518452553,15.0593496,-0.731828488,1.772036364,73.43191061,-0.01838828,8.480786024,0.853020624,0.005900923,7
1.518079147,15.11276878,1.468487673,1.909502875,72.70068636,0.314447222,6.843174446,1.859288136,0.034073017,7
1.512513281,14.58037576,1.157910634,2.049901135,73.08556431,-0.135408171,9.351730309,1.760467288,0.050070807,7
1.520487418,13.62219339,3.877961287,2.132463124,73.32461287,0.067724433,10.1628968,0.70043049,0.027025856,7
1.517625553,15.28818585,-0.694974907,2.013880927,71.79968116,-0.916090565,8.374684324,1.360160831,0.016085047,7
1.52271282,13.06417079,-0.107267691,1.980848106,75.24050867,0.555913924,7.970796062,0.013036881,0.039507569,7
1.518686431,13.81727008,1.953173938,2.843389587,71.6802118,-0.416775899,7.99795346,1.914624608,-0.005545326,7
1.513799667,13.83513663,1.568549451,1.485662222,74.50848495,-0.287372893,7.329145084,1.360018731,-0.012848684,7
1.516218314,13.88743757,1.312782805,2.399440844,72.2790031,1.526457653,7.675425772,2.445575236,0.009298737,7
1.520075396,14.61378755,0.366167425,2.569984472,72.42851125,0.536657352,9.434817318,1.333462217,0.015630331,7
1.512909853,13.72105257,1.047068565,3.144031294,71.76730588,1.46480785,7.640279076,2.394007935,0.054208152,7
1.515459752,14.67531485,1.220839697,2.738663938,71.65024069,1.037863853,9.630689713,1.173149564,0.025729764,7
1.515102406,14.35215119,0.200988574,2.056095209,74.9024354,0.159412638,9.470266512,0.698235519,0.033670981,7
1.518736723,13.51187175,0.447519854,2.076039331,72.97183195,-0.417416477,8.644540321,0.452147799,-0.010319491,7
1.514244316,14.0840938,-0.047982691,2.70319182,73.54645298,-0.572123663,8.890666361,0.753909397,0.033785788,7
1.517828184,14.80079475,0.989237072,2.386759532,73.53507901,-0.263773106,8.193030873,1.558333529,-0.010715137,7
1.519263332,14.39345784,-0.911932762,1.68900929,70.82600667,0.089070092,8.073557938,1.066736068,0.022786859,7
1.519056511,13.66355756,1.19847849,1.936598835,71.91697393,0.750096378,7.368827927,0.54049195,0.020737712,7
1.518181211,15.3287373,0.929820738,2.471297494,74.21832781,-0.782204967,7.166636148,0.776093529,0.030900714,7
1.517470889,14.76085602,-0.251836763,2.331975474,73.23516684,0.592173749,9.628162031,0.806406574,0.002979462,7
1.517016735,15.14536702,0.906272814,2.442354799,71.32387388,0.612062066,9.851772259,1.47594018,0.015843485,7
1.517673268,13.6423678,-0.283339175,1.793655235,72.59319455,1.083998653,8.100140984,-0.446813445,-0.006759657,7
1.51824124,14.11839339,0.858413456,1.734758914,72.18282092,0.653834033,6.827170559,1.068307775,-0.045645127,7
1.514213341,13.23327029,-1.392037302,2.43579889,73.7636785,0.361018779,9.812549735,0.899587502,-0.027158454,7
1.514233335,14.90618071,-0.3961637,1.778367948,71.72276981,-0.738949939,9.156291903,0.469032596,-0.007577645,7
